<?xml version="1.0" encoding="EUC-KR" standalone="yes" ?>
<root>
	<RECORD name="RRNO"				size="13"	/>
	<RECORD name="PN"				size="40"	/>
	<RECORD name="HS_VD_PHC"		size="2"	/><!-- 01:주민등록증,02:운전면허증,03:외국인등록증 -->
	<RECORD name="IDF_NO"			size="44"	/>
	<RECORD name="IDF_ISU_BUR_NM"	size="50"	/>
	<RECORD name="IDF_SEQ"			size="6"	/>
	<RECORD name="RNM_CYN"			size="1"	/><!-- Y,N -->
	<RECORD name="RPC"				size="2"	/><!-- 00:정상 -->
	<RECORD name="FILLER"			size="92"	/>
</root>